"date","state","dataQualityGrade","death","deathConfirmed","deathIncrease","deathProbable","hospitalized","hospitalizedCumulative","hospitalizedCurrently","hospitalizedIncrease","inIcuCumulative","inIcuCurrently","negative","negativeIncrease","negativeTestsAntibody","negativeTestsPeopleAntibody","negativeTestsViral","onVentilatorCumulative","onVentilatorCurrently","positive","positiveCasesViral","positiveIncrease","positiveScore","positiveTestsAntibody","positiveTestsAntigen","positiveTestsPeopleAntibody","positiveTestsPeopleAntigen","positiveTestsViral","recovered","totalTestEncountersViral","totalTestEncountersViralIncrease","totalTestResults","totalTestResultsIncrease","totalTestsAntibody","totalTestsAntigen","totalTestsPeopleAntibody","totalTestsPeopleAntigen","totalTestsPeopleViral","totalTestsPeopleViralIncrease","totalTestsViral","totalTestsViralIncrease"
"2020-12-15","KS","A+",2109,,0,,5895,5895,623,0,1584,182,713714,0,,,,409,88,190018,,0,0,,,,,,3938,,0,903732,0,,,,,903732,0,,0
"2020-12-14","KS","A+",2109,,37,,5895,5895,623,95,1584,182,713714,8291,,,,409,88,190018,,4724,0,,,,,,3938,,0,903732,13015,,,,,903732,13015,,0
"2020-12-13","KS","A+",2072,,0,,5800,5800,1068,0,1564,271,705423,0,,,,409,130,185294,,0,0,,,,,,3891,,0,890717,0,,,,,890717,0,,0
"2020-12-12","KS","A+",2072,,0,,5800,5800,1068,0,1564,271,705423,0,,,,409,130,185294,,0,0,,,,,,3891,,0,890717,0,,,,,890717,0,,0
"2020-12-11","KS","A+",2072,,131,,5800,5800,1068,146,1564,271,705423,9174,,,,409,130,185294,,5491,0,,,,,,3891,,0,890717,14665,,,,,890717,14665,,0
"2020-12-10","KS","A+",1941,,0,,5654,5654,1109,0,1527,301,696249,0,,,,409,136,179803,,0,0,,,,,,3793,,0,876052,0,,,,,876052,0,,0
"2020-12-09","KS","A+",1941,,85,,5654,5654,1109,145,1527,301,696249,8950,,,,409,136,179803,,5778,0,,,,,,3793,,0,876052,14728,,,,,876052,14728,,0
"2020-12-08","KS","A+",1856,,0,,5509,5509,623,0,1474,171,687299,0,,,,409,86,174025,,0,0,,,,,,3675,,0,861324,0,,,,,861324,0,,0
"2020-12-07","KS","A+",1856,,70,,5509,5509,623,92,1474,171,687299,10408,,,,409,86,174025,,5730,0,,,,,,3675,,0,861324,16138,,,,,861324,16138,,0
"2020-12-06","KS","A+",1786,,0,,5417,5417,1143,0,1453,283,676891,0,,,,409,123,168295,,0,0,,,,,,3615,,0,845186,0,,,,,845186,0,,0
"2020-12-05","KS","A+",1786,,0,,5417,5417,1143,0,1453,283,676891,0,,,,409,123,168295,,0,0,,,,,,3615,,0,845186,0,,,,,845186,0,,0
"2020-12-04","KS","A+",1786,,107,,5417,5417,1143,127,1453,283,676891,7770,,,,409,123,168295,,6234,0,,,,,,3615,,0,845186,14004,,,,,845186,14004,,0
"2020-12-03","KS","A+",1679,,0,,5290,5290,854,0,1390,227,669121,0,,,,409,92,162061,,0,0,,,,,,3512,,0,831182,0,,,,,831182,0,,0
"2020-12-02","KS","A+",1679,,119,,5290,5290,1196,185,1390,298,669121,3683,,,,409,125,162061,,4615,0,,,,,,3512,,0,831182,8298,,,,,831182,8298,,0
"2020-12-01","KS","A+",1560,,0,,5105,5105,854,0,1353,227,665438,0,,,,395,92,157446,,0,0,,,,,,3403,,0,822884,0,,,,,822884,0,,0
"2020-11-30","KS","A+",1560,,31,,5105,5105,854,87,1353,227,665438,6035,,,,395,92,157446,,4425,0,,,,,,3403,,0,822884,10460,,,,,822884,10460,,0
"2020-11-29","KS","A+",1529,,0,,5018,5018,802,0,1329,221,659403,0,,,,389,73,153021,,0,0,,,,,,3352,,0,812424,0,,,,,812424,0,,0
"2020-11-28","KS","A+",1529,,0,,5018,5018,802,0,1329,221,659403,0,,,,389,73,153021,,0,0,,,,,,3352,,0,812424,0,,,,,812424,0,,0
"2020-11-27","KS","A+",1529,,26,,5018,5018,802,97,1329,221,659403,8015,,,,389,73,153021,,5224,0,,,,,,3352,,0,812424,13239,,,,,812424,13239,,0
"2020-11-26","KS","A+",1503,,0,,4921,4921,1126,0,1316,272,651388,0,,,,385,102,147797,,0,0,,,,,,3299,,0,799185,0,,,,,799185,0,,0
"2020-11-25","KS","A+",1503,,47,,4921,4921,1126,144,1316,272,651388,9159,,,,385,102,147797,,5738,0,,,,,,3299,,0,799185,14897,,,,,799185,14897,,0
"2020-11-24","KS","A+",1456,,0,,4777,4777,896,0,1294,240,642229,0,,,,377,89,142059,,0,0,,,,,,3189,,0,784288,0,,,,,784288,0,,0
"2020-11-23","KS","A+",1456,,46,,4777,4777,896,95,1294,240,642229,12869,,,,377,89,142059,,7526,0,,,,,,3189,,0,784288,20395,,,,,784288,20395,,0
"2020-11-22","KS","A+",1410,,0,,4682,4682,1048,0,1269,269,629360,0,,,,372,109,134533,,0,0,,,,,,3144,,0,763893,0,,,,,763893,0,,0
"2020-11-21","KS","A+",1410,,0,,4682,4682,1048,0,1269,269,629360,0,,,,372,109,134533,,0,0,,,,,,3144,,0,763893,0,,,,,763893,0,,0
"2020-11-20","KS","A+",1410,,84,,4682,4682,1048,121,1269,269,629360,9693,,,,372,109,134533,,5939,0,,,,,,3144,,0,763893,15632,,,,,763893,15632,,0
"2020-11-19","KS","A+",1326,,0,,4561,4561,1039,0,1241,253,619667,0,,,,364,95,128594,,0,0,,,,,,3067,,0,748261,0,,,,,748261,0,,0
"2020-11-18","KS","A+",1326,,60,,4561,4561,1039,130,1241,253,619667,8652,,,,364,95,128594,,5853,0,,,,,,3067,,0,748261,14505,,,,,748261,14505,,0
"2020-11-17","KS","A+",1266,,0,,4431,4431,551,0,1205,163,611015,0,,,,355,58,122741,,0,0,,,,,,3006,,0,733756,0,,,,,733756,0,,0
"2020-11-16","KS","A+",1266,,10,,4431,4431,551,104,1205,163,611015,19735,,,,355,58,122741,,7234,0,,,,,,3006,,0,733756,26969,,,,,733756,33251,,0
"2020-11-15","KS","A+",1256,,0,,4327,4327,811,0,1184,211,591280,0,,,,348,74,115507,,0,0,,,,,,2960,,0,706787,0,,,,,700505,0,,0
"2020-11-14","KS","A+",1256,,0,,4327,4327,811,0,1184,211,591280,0,,,,348,74,115507,,0,0,,,,,,2960,,0,706787,0,,,,,700505,0,,0
"2020-11-13","KS","A+",1256,,41,,4327,4327,811,75,1184,211,591280,0,,,,348,74,115507,,6282,0,,,,,,2960,,0,706787,6282,,,,,700505,0,,0
"2020-11-12","KS","A+",1215,,0,,4252,4252,810,0,1167,210,591280,-3142,,,,347,80,109225,,0,0,,,,,,2913,,0,700505,-3142,,,,,700505,-3142,,0
"2020-11-11","KS","A+",1215,,34,,4252,4252,810,114,1167,210,594422,7993,,,,347,80,109225,,5672,0,,,,,,2913,,0,703647,13665,,,,,703647,13665,,0
"2020-11-10","KS","A+",1181,,0,,4138,4138,500,0,1135,140,586429,0,,,,339,55,103553,,0,0,,,,,,2842,,0,689982,0,,,,,689982,0,,0
"2020-11-09","KS","A+",1181,,15,,4138,4138,500,71,1135,140,586429,7742,,,,339,55,103553,,5920,0,,,,,,2842,,0,689982,13662,,,,,689982,13662,,0
"2020-11-08","KS","A+",1166,,0,,4067,4067,693,0,1122,183,578687,0,,,,337,62,97633,,0,0,,,,,,2808,,0,676320,0,,,,,676320,0,,0
"2020-11-07","KS","A+",1166,,0,,4067,4067,693,0,1122,183,578687,0,,,,337,62,97633,,0,0,,,,,,2808,,0,676320,0,,,,,676320,0,,0
"2020-11-06","KS","A+",1166,,79,,4067,4067,693,83,1122,183,578687,7222,,,,337,62,97633,,5418,0,,,,,,2808,,0,676320,12640,,,,,676320,12640,,0
"2020-11-05","KS","A+",1087,,0,,3984,3984,567,0,1106,160,571465,0,,,,334,60,92215,,0,0,,,,,,2753,,0,663680,0,,,,,663680,0,,0
"2020-11-04","KS","A+",1087,,41,,3984,3984,567,91,1106,160,571465,5425,,,,334,60,92215,,2988,0,,,,,,2753,,0,663680,8413,,,,,663680,8413,,0
"2020-11-03","KS","A+",1046,,0,,3893,3893,373,0,1082,110,566040,0,,,,328,39,89227,,0,0,,,,,,2682,,0,655267,0,,,,,655267,0,,0
"2020-11-02","KS","A+",1046,,17,,3893,3893,373,61,1082,110,566040,8439,,,,328,39,89227,,4046,0,,,,,,2682,,0,655267,12485,,,,,655267,12485,,0
"2020-11-01","KS","A+",1029,,0,,3832,3832,512,0,1067,145,557601,0,,,,323,53,85181,,0,0,,,,,,2659,,0,642782,0,,,,,642782,0,,0
"2020-10-31","KS","A+",1029,,0,,3832,3832,512,0,1067,145,557601,0,,,,323,53,85181,,0,0,,,,,,2659,,0,642782,0,,,,,642782,0,,0
"2020-10-30","KS","A+",1029,,22,,3832,3832,512,80,1067,145,557601,6613,,,,323,53,85181,,3136,0,,,,,,2659,,0,642782,9749,,,,,642782,9749,,0
"2020-10-29","KS","A+",1007,,0,,3752,3752,432,0,1043,120,550988,0,,,,318,40,82045,,0,0,,,,,,2604,,0,633033,0,,,,,633033,0,,0
"2020-10-28","KS","A+",1007,,31,,3752,3752,432,106,1043,120,550988,3733,,,,318,40,82045,,3369,0,,,,,,2604,,0,633033,7102,,,,,633033,7102,,0
"2020-10-27","KS","A+",976,,0,,3646,3646,362,0,1009,103,547255,0,,,,313,39,78676,,0,0,,,,,,2549,,0,625931,0,,,,,625931,0,,0
"2020-10-26","KS","A+",976,,1,,3646,3646,362,62,1009,103,547255,7223,,,,313,39,78676,,2446,0,,,,,,2549,,0,625931,9669,,,,,625931,9669,,0
"2020-10-25","KS","A+",975,,0,,3584,3584,403,0,1001,2,540032,0,,,,309,41,76230,,0,0,,,,,,2518,,0,616262,0,,,,,616262,0,,0
"2020-10-24","KS","A+",975,,0,,3584,3584,403,0,1001,2,540032,0,,,,309,41,76230,,0,0,,,,,,2518,,0,616262,0,,,,,616262,0,,0
"2020-10-23","KS","A+",975,,23,,3584,3584,403,78,1001,2,540032,8979,,,,309,41,76230,,1774,0,,,,,,2518,,0,616262,10753,,,,,616262,10753,,0
"2020-10-22","KS","A+",952,,0,,3506,3506,329,0,975,1,531053,0,,,,299,45,74456,,0,0,,,,,,2485,,0,605509,0,,,,,605509,0,,0
"2020-10-21","KS","A+",952,,80,,3506,3506,329,85,975,1,531053,5627,,,,299,45,74456,,1488,0,,,,,,2485,,0,605509,7115,,,,,605509,7115,,0
"2020-10-20","KS","A+",872,,0,,3421,3421,285,0,952,81,525426,0,,,,294,39,72968,,0,0,,,,,,2415,,0,598394,0,,,,,598394,0,,0
"2020-10-19","KS","A+",872,,13,,3421,3421,285,51,952,81,525426,7092,,,,294,39,72968,,2113,0,,,,,,2415,,0,598394,9205,,,,,598394,9205,,0
"2020-10-18","KS","A+",859,,0,,3370,3370,456,0,933,123,518334,0,,,,284,47,70855,,0,0,,,,,,2379,,0,589189,0,,,,,589189,0,,0
"2020-10-17","KS","A+",859,,0,,3370,3370,456,0,933,123,518334,0,,,,284,47,70855,,0,0,,,,,,2379,,0,589189,0,,,,,589189,0,,0
"2020-10-16","KS","A+",859,,21,,3370,3370,456,61,933,123,518334,7662,,,,284,47,70855,,1700,0,,,,,,2379,,0,589189,9362,,,,,589189,9362,,0
"2020-10-15","KS","A+",838,,0,,3309,3309,488,0,913,128,510672,0,,,,280,42,69155,,0,0,,,,,,2340,,0,579827,0,,,,,579827,0,,0
"2020-10-14","KS","A+",838,,67,,3309,3309,488,70,913,128,510672,6453,,,,280,42,69155,,1293,0,,,,,,2340,,0,579827,7746,,,,,579827,7746,,0
"2020-10-13","KS","A+",771,,0,,3239,3239,355,0,890,111,504219,0,,,,274,42,67862,,0,0,,,,,,2301,,0,572081,0,,,,,572081,0,,0
"2020-10-12","KS","A+",771,,8,,3239,3239,355,54,890,111,504219,9837,,,,274,42,67862,,2055,0,,,,,,2301,,0,572081,11892,,,,,572081,11892,,0
"2020-10-11","KS","A+",763,,0,,3185,3185,469,0,877,119,494382,0,,,,271,34,65807,,0,0,,,,,,2275,,0,560189,0,,,,,560189,0,,0
"2020-10-10","KS","A+",763,,0,,3185,3185,469,0,877,119,494382,0,,,,271,34,65807,,0,0,,,,,,2275,,0,560189,0,,,,,560189,0,,0
"2020-10-09","KS","A+",763,,40,,3185,3185,469,64,877,119,494382,8936,,,,271,34,65807,,1855,0,,,,,,2275,,0,560189,10791,,,,,560189,10791,,0
"2020-10-08","KS","A+",723,,0,,3121,3121,393,0,849,103,485446,0,,,,267,34,63952,,0,0,,,,,,2231,,0,549398,0,,,,,549398,0,,0
"2020-10-07","KS","A+",723,,17,,3121,3121,352,85,849,103,485446,7048,,,,267,33,63952,,1244,0,,,,,,2231,,0,549398,8292,,,,,549398,8292,,0
"2020-10-06","KS","A+",706,,0,,3036,3036,352,0,827,103,478398,0,,,,261,33,62708,,0,0,,,,,,2165,,0,541106,0,,,,,541106,0,,0
"2020-10-05","KS","A+",706,,8,,3036,3036,352,53,827,103,478398,8392,,,,261,33,62708,,1597,0,,,,,,2165,,0,541106,9989,,,,,541106,9989,,0
"2020-10-04","KS","A+",698,,0,,2983,2983,352,0,817,103,470006,0,,,,259,33,61111,,0,0,,,,,,2136,,0,531117,0,,,,,531117,0,,0
"2020-10-03","KS","A+",698,,0,,2983,2983,352,0,817,103,470006,0,,,,259,33,61111,,0,0,,,,,,2136,,0,531117,0,,,,,531117,0,,0
"2020-10-02","KS","A+",698,,20,,2983,2983,352,66,817,103,470006,8305,,,,259,33,61111,,1362,0,,,,,,2136,,0,531117,9667,,,,,531117,9667,,0
"2020-10-01","KS","A+",678,,0,,2917,2917,352,0,801,103,461701,0,,,,255,33,59749,,0,0,,,,,,2095,,0,521450,0,,,,,521450,0,,0
"2020-09-30","KS","A+",678,,41,,2917,2917,352,65,801,103,461701,6421,,,,255,33,59749,,1120,0,,,,,,2095,,0,521450,7541,,,,,521450,7541,,0
"2020-09-29","KS","A+",637,,0,,2852,2852,270,0,785,88,455280,0,,,,251,29,58629,,0,0,,,,,,2051,,0,513909,0,,,,,513909,0,,0
"2020-09-28","KS","A+",637,,5,,2852,2852,270,36,785,88,455280,9102,,,,251,29,58629,,2037,0,,,,,,2051,,0,513909,11139,,,,,513909,11139,,0
"2020-09-27","KS","A+",632,,0,,2816,2816,343,0,768,121,446178,0,,,,250,34,56592,,0,0,,,,,,2039,,0,502770,0,,,,,502770,0,,0
"2020-09-26","KS","A+",632,,0,,2816,2816,343,0,768,121,446178,0,,,,250,34,56592,,0,0,,,,,,2039,,0,502770,0,,,,,502770,0,,0
"2020-09-25","KS","A+",632,,11,,2816,2816,343,50,768,121,446178,9123,,,,250,34,56592,,1366,0,,,,,,2039,,0,502770,10489,,,,,502770,10489,,0
"2020-09-24","KS","A+",621,,0,,2766,2766,313,0,753,93,437055,0,,,,240,27,55226,,0,0,,,,,,2008,,0,492281,0,,,,,492281,0,,0
"2020-09-23","KS","A+",621,,21,,2766,2766,313,60,753,93,437055,6323,,,,240,27,55226,,1267,0,,,,,,2008,,0,492281,7590,,,,,492281,7590,,0
"2020-09-22","KS","A+",600,,0,,2706,2706,216,0,741,60,430732,0,,,,230,23,53959,,0,0,,,,,,1970,,0,484691,0,,,,,484691,0,,0
"2020-09-21","KS","A+",600,,4,,2706,2706,216,35,741,60,430732,8268,,,,230,23,53959,,1674,0,,,,,,1970,,0,484691,9942,,,,,484691,9942,,0
"2020-09-20","KS","A+",596,,0,,2671,2671,286,0,734,79,422464,0,,,,230,23,52285,,0,0,,,,,,1950,,0,474749,0,,,,,474749,0,,0
"2020-09-19","KS","A+",596,,0,,2671,2671,286,0,734,79,422464,0,,,,230,23,52285,,0,0,,,,,,1950,,0,474749,0,,,,,474749,0,,0
"2020-09-18","KS","A+",596,,10,,2671,2671,286,55,734,79,422464,9108,,,,230,23,52285,,1415,0,,,,,,1950,,0,474749,10523,,,,,474749,10523,,0
"2020-09-17","KS","A+",586,,0,,2616,2616,278,0,713,83,413356,0,,,,225,21,50870,,0,0,,,,,,1920,,0,464226,0,,,,,464226,0,,0
"2020-09-16","KS","A+",586,,52,,2616,2616,278,44,713,83,413356,4874,,,,225,21,50870,,971,0,,,,,,1920,,0,464226,5845,,,,,464226,5845,,0
"2020-09-15","KS","A+",534,,0,,2572,2572,192,0,703,50,408482,0,,,,221,15,49899,,0,0,,,,,,1887,,0,458381,0,,,,,458381,0,,0
"2020-09-14","KS","A+",534,,23,,2572,2572,192,35,703,50,408482,7938,,,,221,15,49899,,1513,0,,,,,,1887,,0,458381,9451,,,,,458381,9451,,0
"2020-09-13","KS","A+",511,,0,,2537,2537,140,0,690,40,400544,0,,,,219,10,48386,,0,0,,,,,,1859,,0,448930,0,,,,,448930,0,,0
"2020-09-12","KS","A+",511,,0,,2537,2537,140,0,690,40,400544,0,,,,219,10,48386,,0,0,,,,,,1859,,0,448930,0,,,,,448930,0,,0
"2020-09-11","KS","A+",511,,16,,2537,2537,140,67,690,40,400544,6540,,,,219,10,48386,,976,0,,,,,,1859,,0,448930,7516,,,,,448930,7516,,0
"2020-09-10","KS","A+",495,,0,,2470,2470,319,0,677,92,394004,0,,,,218,41,47410,,0,0,,,,,,1817,,0,441414,0,,,,,441414,0,,0
"2020-09-09","KS","A+",495,,10,,2470,2470,319,29,677,92,394004,4232,,,,218,41,47410,,496,0,,,,,,1817,,0,441414,4728,,,,,441414,4728,,0
"2020-09-08","KS","A+",485,,0,,2441,2441,177,0,669,51,389772,0,,,,214,25,46914,,0,0,,,,,,1796,,0,436686,0,,,,,436686,0,,0
"2020-09-07","KS","A+",485,,4,,2441,2441,177,26,669,51,389772,7787,,,,214,25,46914,,1694,0,,,,,,1796,,0,436686,9481,,,,,436686,9481,,0
"2020-09-06","KS","A+",481,,0,,2415,2415,314,0,661,101,381985,0,,,,211,36,45220,,0,0,,,,,,1785,,0,427205,0,,,,,427205,0,,0
"2020-09-05","KS","A+",481,,0,,2415,2415,314,0,661,101,381985,0,,,,211,36,45220,,0,0,,,,,,1785,,0,427205,0,,,,,427205,0,,0
"2020-09-04","KS","A+",481,,23,,2415,2415,314,54,661,101,381985,6678,,,,211,36,45220,,1280,0,,,,,,1785,,0,427205,7958,,,,,427205,7958,,0
"2020-09-03","KS","A+",458,,0,,2361,2361,336,0,649,94,375307,0,,,,210,35,43940,,0,0,,,,,,1730,,0,419247,0,,,,,419247,0,,0
"2020-09-02","KS","A+",458,,12,,2361,2361,336,57,649,94,375307,4670,,,,210,35,43940,,1328,0,,,,,,1730,,0,419247,5998,,,,,419247,5998,,0
"2020-09-01","KS","A+",446,,0,,2304,2304,211,0,628,55,370637,0,,,,209,21,42612,,0,0,,,,,,1673,,0,413249,0,,,,,413249,0,,0
"2020-08-31","KS","A+",446,,3,,2304,2304,211,26,628,55,370637,8538,,,,209,21,42612,,1564,0,,,,,,1673,,0,413249,10102,,,,,413249,10102,,0
"2020-08-30","KS","A+",443,,0,,2278,2278,328,0,616,96,362099,0,,,,206,31,41048,,0,0,,,,,,1658,,0,403147,0,,,,,403147,0,,0
"2020-08-29","KS","A+",443,,0,,2278,2278,328,0,616,96,362099,0,,,,206,31,41048,,0,0,,,,,,1658,,0,403147,0,,,,,403147,0,,0
"2020-08-28","KS","A+",443,,6,,2278,2278,328,52,616,96,362099,6939,,,,206,31,41048,,1111,0,,,,,,1658,,0,403147,8050,,,,,403147,8050,,0
"2020-08-27","KS","A+",437,,0,,2226,2226,262,0,603,76,355160,0,,,,206,25,39937,,0,0,,,,,,1624,,0,395097,0,,,,,395097,0,,0
"2020-08-26","KS","A+",437,,11,,2226,2226,262,43,603,76,355160,6604,,,,206,25,39937,,1536,0,,,,,,1624,,0,395097,8140,,,,,395097,8140,,0
"2020-08-25","KS","A+",426,,0,,2183,2183,189,0,590,64,348556,0,,,,205,22,38401,,0,0,,,,,,1535,,0,386957,0,,,,,386957,0,,0
"2020-08-24","KS","A+",426,,7,,2183,2183,189,24,590,64,348556,19097,,,,205,22,38401,,1545,0,,,,,,1535,,0,386957,20642,,,,,386957,20642,,0
"2020-08-23","KS","A+",419,,0,,2159,2159,296,0,584,89,329459,0,,,,203,24,36856,,0,0,,,,,,1520,,0,366315,0,,,,,366315,0,,0
"2020-08-22","KS","A+",419,,0,,2159,2159,296,0,584,89,329459,0,,,,203,24,36856,,0,0,,,,,,1520,,0,366315,0,,,,,366315,0,,0
"2020-08-21","KS","A+",419,,8,,2159,2159,296,69,584,89,329459,5509,,,,203,24,36856,,966,0,,,,,,1520,,0,366315,6475,,,,,366315,6475,,0
"2020-08-20","KS","A+",411,,0,,2090,2090,300,0,567,88,323950,0,,,,202,26,35890,,0,0,,,,,,1472,,0,359840,0,,,,,359840,0,,0
"2020-08-19","KS","A+",411,,6,,2090,2090,300,56,567,88,323950,4855,,,,202,26,35890,,723,0,,,,,,1472,,0,359840,5578,,,,,359840,5578,,0
"2020-08-18","KS","A+",405,,0,,2034,2034,229,0,560,62,319095,0,,,,200,24,35167,,0,0,,,,,,1409,,0,354262,0,,,,,354262,0,,0
"2020-08-17","KS","A+",405,,3,,2034,2034,229,14,560,62,319095,9937,,,,200,24,35167,,1282,0,,,,,,1409,,0,354262,11219,,,,,354262,11219,,0
"2020-08-16","KS","A+",402,,0,,2020,2020,311,0,554,98,309158,0,,,,198,33,33885,,0,0,,,,,,1399,,0,343043,0,,,,,343043,0,,0
"2020-08-15","KS","A+",402,,0,,2020,2020,311,0,554,98,309158,0,,,,198,33,33885,,0,0,,,,,,1399,,0,343043,0,,,,,343043,0,,0
"2020-08-14","KS","A+",402,,7,,2020,2020,311,45,554,98,309158,7142,,,,198,33,33885,,1338,0,,,,,,1399,,0,343043,8480,,,,,343043,8480,,0
"2020-08-13","KS","A+",395,,0,,1975,1975,357,0,548,95,302016,0,,,,195,29,32547,,0,0,,,,,,1367,,0,334563,0,,,,,334563,0,,0
"2020-08-12","KS","A+",395,,8,,1975,1975,357,64,548,95,302016,7077,,,,195,29,32547,,817,0,,,,,,1367,,0,334563,7894,,,,,334563,7894,,0
"2020-08-11","KS","A+",387,,0,,1911,1911,216,0,534,60,294939,0,,,,194,19,31730,,0,0,,,,,,1319,,0,326669,0,,,,,326669,0,,0
"2020-08-10","KS","A+",387,,7,,1911,1911,216,36,534,60,294939,9065,,,,194,19,31730,,1092,0,,,,,,1319,,0,326669,10157,,,,,326669,10157,,0
"2020-08-09","KS","A+",380,,0,,1875,1875,333,0,526,88,285874,0,,,,193,26,30638,,0,0,,,,,,1293,,0,316512,0,,,,,316512,0,,0
"2020-08-08","KS","A+",380,,0,,1875,1875,333,0,526,88,285874,0,,,,193,26,30638,,0,0,,,,,,1293,,0,316512,0,,,,,316512,0,,0
"2020-08-07","KS","A+",380,,12,,1875,1875,333,54,526,88,285874,6873,,,,193,26,30638,,921,0,,,,,,1293,,0,316512,7794,,,,,316512,7794,,0
"2020-08-06","KS","A+",368,,0,,1821,1821,358,0,516,78,279001,0,,,,190,25,29717,,0,0,,,,,,1254,,0,308718,0,,,,,308718,0,,0
"2020-08-05","KS","A+",368,,3,,1821,1821,358,39,516,78,279001,6038,,,,190,25,29717,,841,0,,,,,,1254,,0,308718,6879,,,,,308718,6879,,0
"2020-08-04","KS","A+",365,,0,,1782,1782,232,0,505,62,272963,0,,,,184,16,28876,,0,0,,,,,,1196,,0,301839,0,,,,,301839,0,,0
"2020-08-03","KS","A+",365,,7,,1782,1782,232,31,505,62,272963,8268,,,,184,16,28876,,1064,0,,,,,,1196,,0,301839,9332,,,,,301839,9332,,0
"2020-08-02","KS","A+",358,,0,,1751,1751,366,0,494,98,264695,0,,,,179,26,27812,,0,0,,,,,,1178,,0,292507,0,,,,,292507,0,,0
"2020-08-01","KS","A+",358,,0,,1751,1751,366,0,494,98,264695,0,,,,179,26,27812,,0,0,,,,,,1178,,0,292507,0,,,,,292507,0,,0
"2020-07-31","KS","A+",358,,9,,1751,1751,366,51,494,98,264695,6616,,,,179,26,27812,,942,0,,,,,,1178,,0,292507,7558,,,,,292507,7558,,0
"2020-07-30","KS","A+",349,,0,,1700,1700,393,0,483,83,258079,0,,,,174,29,26870,,0,0,,,,,,1149,,0,284949,0,,,,,284949,0,,0
"2020-07-29","KS","A+",349,,14,,1700,1700,393,56,483,83,258079,5315,,,,174,29,26870,,698,0,,,,,,1149,,0,284949,6013,,,,,284949,6552,,0
"2020-07-28","KS","A+",335,,0,,1644,1644,212,0,465,58,252764,0,,,,171,24,26172,,0,0,,,,,,1108,,0,278936,0,,,,,278397,0,,0
"2020-07-27","KS","A+",335,,9,,1644,1644,212,48,465,58,252764,-94,,,,171,24,26172,,1063,0,,,,,,1108,,0,278936,969,,,,,278397,430,,0
"2020-07-26","KS","A+",326,,0,,1596,1596,315,0,459,98,252858,0,,,,166,24,25109,,0,0,,,,,,1077,,0,277967,0,,,,,277967,0,,0
"2020-07-25","KS","A+",326,,0,,1596,1596,315,0,459,98,252858,0,,,,166,24,25109,,0,0,,,,,,1077,,0,277967,0,,,,,277967,0,,0
"2020-07-24","KS","A+",326,,18,,1596,1596,,51,459,98,252858,8276,,,,166,24,25109,,1005,0,,,,,,1077,,0,277967,9281,,,,,277967,9281,,0
"2020-07-23","KS","A+",308,,0,,1545,1545,,0,450,112,244582,0,,,,164,28,24104,,0,0,,,,,,1050,,0,268686,0,,,,,268686,0,,0
"2020-07-22","KS","A+",308,,1,,1545,1545,,48,450,112,244582,6385,,,,164,28,24104,,770,0,,,,,,1050,,0,268686,7155,,,,,268686,7155,,0
"2020-07-21","KS","A",307,,0,,1497,1497,,0,439,111,238197,0,,,,162,21,23334,,0,0,,,,,,1016,,0,261531,0,,,,,261531,0,,0
"2020-07-20","KS","A",307,,8,,1497,1497,,44,439,111,238197,10809,,,,162,21,23334,,1369,0,,,,,,1016,,0,261531,12178,,,,,261531,12178,,0
"2020-07-19","KS","A",299,,0,,1453,1453,,0,427,58,227388,0,,,,161,14,21965,,0,0,,,,,,983,,0,249353,0,,,,,249353,0,,0
"2020-07-18","KS","A",299,,0,,1453,1453,,0,427,58,227388,0,,,,161,14,21965,,0,0,,,,,,983,,0,249353,0,,,,,249353,0,,0
"2020-07-17","KS","A",299,,0,,1453,1453,,60,427,58,227388,8947,,,,161,14,21965,,1032,0,,,,,,983,,0,249353,9979,,,,,249353,9979,,0
"2020-07-16","KS","A",299,,0,,1393,1393,,0,418,65,218441,0,,,,159,21,20933,,0,0,,,,,,948,,0,239374,0,,,,,239374,0,,0
"2020-07-15","KS","A",299,,11,,1393,1393,,50,418,65,218441,7324,,,,159,21,20933,,875,0,,,,,,948,,0,239374,8199,,,,,239374,8199,,0
"2020-07-14","KS","A",288,,0,,1343,1343,,0,410,,211117,0,,,,160,,20058,,0,0,,,,,,920,,0,231175,0,,,,,231175,0,,0
"2020-07-13","KS","A",288,,4,,1343,1343,,39,410,,211117,11949,,,,160,,20058,,1447,0,,,,,,920,,0,231175,13396,,,,,231175,13396,,0
"2020-07-12","KS","A",284,,0,,1304,1304,,0,405,,199168,0,,,,160,,18611,,0,0,,,,,,905,,0,217779,0,,,,,217779,0,,0
"2020-07-11","KS","A",284,,0,,1304,1304,,0,405,,199168,0,,,,160,,18611,,0,0,,,,,,905,,0,217779,0,,,,,217779,0,,0
"2020-07-10","KS","A",284,,2,,1304,1304,,35,405,,199168,8304,,,,160,,18611,,993,0,,,,,,905,,0,217779,9297,,,,,217779,9297,,0
"2020-07-09","KS","A",282,,0,,1269,1269,,0,397,,190864,0,,,,160,,17618,,0,0,,,,,,879,,0,208482,0,,,,,208482,0,,0
"2020-07-08","KS","A",282,,2,,1269,1269,,34,397,,190864,5546,,,,160,,17618,,717,0,,,,,,879,,0,208482,6263,,,,,208482,6263,,0
"2020-07-07","KS","A",280,,0,,1235,1235,,0,384,,185318,0,,,,158,,16901,,0,0,,,,,,859,,0,202219,0,,,,,202219,0,,0
"2020-07-06","KS","A",280,,3,,1235,1235,,16,384,,185318,9676,,,,158,,16901,,982,0,,,,,,859,,0,202219,10658,,,,,202219,10658,,0
"2020-07-05","KS","A",277,,0,,1219,1219,,0,377,,175642,0,,,,156,,15919,,0,0,,,,,,842,,0,191561,0,,,,,191561,0,,0
"2020-07-04","KS","A",277,,0,,1219,1219,,0,377,,175642,0,,,,156,,15919,,0,0,,,,,,842,,0,191561,0,,,,,191561,0,,0
"2020-07-03","KS","A",277,,5,,1219,1219,,24,377,,175642,7459,,,,156,,15919,,929,0,,,,,,842,,0,191561,8388,,,,,191561,8764,,0
"2020-07-02","KS","A",272,,0,,1195,1195,,43,367,,168183,0,,,,152,,14990,,0,0,,,,,,834,,0,183173,0,,,,,182797,0,,0
"2020-07-01","KS","A",272,,2,,1152,1152,,0,367,,168183,5901,,,,152,,14990,,547,0,,,,,,834,,0,183173,6448,,,,,182797,6449,,0
"2020-06-30","KS","A",270,,0,,1152,1152,,0,360,,162282,0,,,,152,,14443,,0,0,,,,,,794,,0,176725,0,,,,,176348,0,,0
"2020-06-29","KS","A",270,,6,,1152,1152,,24,360,,162282,7961,,,,152,,14443,,905,0,,,,,,794,,0,176725,8866,,,,,176348,8800,,0
"2020-06-28","KS","A",264,,0,,1128,1128,,0,356,,154321,0,,,,152,,13538,,0,0,,,,,,779,,0,167859,0,,,,,167548,0,,0
"2020-06-27","KS","A",264,,0,,1128,1128,,0,356,,154321,0,,,,152,,13538,,0,0,,,,,,779,,0,167859,0,,,,,167548,0,,0
"2020-06-26","KS","A",264,,3,,1128,1128,,46,356,,154321,5586,,,,152,,13538,,568,0,,,,,,779,,0,167859,6154,,,,,167548,6110,,0
"2020-06-25","KS","A",261,,0,,1082,1082,,0,348,,148735,0,,,,150,,12970,,0,0,,,,,,747,,0,161705,0,,,,,161438,0,,0
"2020-06-24","KS","A",261,,2,,1082,1082,,26,348,,148735,6187,,,,150,,12970,,505,0,,,,,,747,,0,161705,6692,,,,,161438,6668,,0
"2020-06-23","KS","A",259,,0,,1056,1056,,0,342,,142548,0,,,,149,,12465,,0,0,,,,,,722,,0,155013,0,,,,,154770,0,,0
"2020-06-22","KS","A",259,,5,,1056,1056,,21,342,,142548,6958,,,,149,,12465,,406,0,,,,,,722,,0,155013,7364,,,,,154770,7357,,0
"2020-06-21","KS","A",254,,0,,1035,1035,,0,338,,135590,0,,,,146,,12059,,0,0,,,,,,715,,0,147649,0,,,,,147413,0,,0
"2020-06-20","KS","A",254,,0,,1035,1035,,0,338,,135590,0,,,,146,,12059,,0,0,,,,,,715,,0,147649,0,,,,,147413,0,,0
"2020-06-19","KS","A",254,,7,,1035,1035,,24,338,,135590,5147,,,,146,,12059,,378,0,,,,,,715,,0,147649,5525,,,,,147413,5525,,0
"2020-06-18","KS","A",247,,0,,1011,1011,,0,333,,130443,0,,,,146,,11681,,0,0,,,,,,696,,0,142124,0,,,,,141888,0,,0
"2020-06-17","KS","A",247,,2,,1011,1011,,23,333,,130443,4900,,,,146,,11681,,262,0,,,,,,696,,0,142124,5162,,,,,141888,5147,,0
"2020-06-16","KS","A",245,,0,,988,988,,0,327,,125543,0,,,,143,,11419,,0,0,,,,,,676,,0,136962,0,,,,,136741,0,,0
"2020-06-15","KS","A",245,,2,,988,988,,15,327,,125543,7438,,,,143,,11419,,372,0,,,,,,676,,0,136962,7810,,,,,136741,7802,,0
"2020-06-14","KS","A",243,,0,,973,973,,0,324,,118105,0,,,,143,,11047,,0,0,,,,,,667,,0,129152,0,,,,,128939,0,,0
"2020-06-13","KS","A",243,,0,,973,973,,0,324,,118105,0,,,,143,,11047,,0,0,,,,,,667,,0,129152,0,,,,,128939,0,,0
"2020-06-12","KS","A",243,,3,,973,973,,19,324,,118105,5175,,,,143,,11047,,235,0,,,,,,667,,0,129152,5410,,,,,128939,128939,,0
"2020-06-11","KS","A",240,,0,,954,954,,0,316,,112930,0,,,,139,,10812,,0,0,,,,,,657,,0,123742,0,,,,,,0,,0
"2020-06-10","KS","A",240,,4,,954,954,,18,316,,112930,4071,,,,139,,10812,,162,0,,,,,,657,,0,123742,4233,,,,,,0,,0
"2020-06-09","KS","A",236,,0,,936,936,,0,311,,108859,0,,,,136,,10650,,0,0,,,,,,625,,0,119509,0,,,,,,0,,0
"2020-06-08","KS","A",236,,4,,936,936,,19,311,,108859,5599,,,,136,,10650,,257,0,,,,,,625,,0,119509,5856,,,,,,0,,0
"2020-06-07","KS","A",232,,0,,917,917,,0,306,,103260,0,,,,135,,10393,,0,0,,,,,,612,,0,113653,0,,,,,,0,,0
"2020-06-06","KS","A",232,,0,,917,917,,0,306,,103260,0,,,,135,,10393,,0,0,,,,,,612,,0,113653,0,,,,,,0,,0
"2020-06-05","KS","A",232,,10,,917,917,,27,306,,103260,5377,,,,135,,10393,,223,0,,,,,,612,,0,113653,5600,,,,,,0,,0
"2020-06-04","KS","A",222,,0,,890,890,,0,302,,97883,0,,,,131,,10170,,0,0,,,,,,592,,0,108053,0,,,,,,0,,0
"2020-06-03","KS","A",222,,5,,890,890,,28,302,,97883,4582,,,,131,,10170,,159,0,,,,,,592,,0,108053,4741,,,,,,0,,0
"2020-06-02","KS","A",217,,0,,862,862,,20,290,,93301,8071,,,,127,,10011,,0,0,,,,,,555,,0,103312,8071,,,,,,0,,0
"2020-06-01","KS","A",217,,9,,842,842,,0,284,,85230,0,,,,124,,10011,,292,0,,,,,,547,,0,95241,292,,,,,,0,,0
"2020-05-31","KS","A",208,,0,,842,842,,0,284,,85230,0,,,,124,,9719,,0,0,,,,,,547,,0,94949,0,,,,,,-94780,,0
"2020-05-30","KS","A",208,,0,,842,842,,0,284,,85230,0,,,,124,,9719,,0,0,,,,,,547,,0,94949,0,,,,,94780,0,,0
"2020-05-29","KS","A",208,,3,,842,842,,20,284,,85230,10079,,,,124,,9719,,382,0,,,,,,547,,0,94949,10461,,,,,94780,10447,,0
"2020-05-28","KS","A",205,,0,,822,822,,0,275,,75151,0,,,,122,,9337,,0,0,,,,,,534,,0,84488,0,,,,,84333,0,,0
"2020-05-27","KS","A",205,,17,,822,822,,22,275,,75151,2970,,,,122,,9337,,119,0,,,,,,534,,0,84488,3089,,,,,84333,3088,,0
"2020-05-26","KS","A+",188,,0,,800,800,,0,271,,72181,0,,,,120,,9218,,0,0,,,,,,493,,0,81399,0,,,,,81245,0,,0
"2020-05-25","KS","A+",188,,3,,800,800,,13,271,,72181,4705,,,,120,,9218,,260,0,,,,,,493,,0,81399,4965,,,,,81245,4965,,0
"2020-05-24","KS","A+",185,,0,,787,787,,0,269,,67476,0,,,,120,,8958,,0,0,,,,,,485,,0,76434,0,,,,,76280,0,,0
"2020-05-23","KS","A+",185,,0,,787,787,,0,269,,67476,0,,,,120,,8958,,0,0,,,,,,485,,0,76434,0,,,,,76280,0,,0
"2020-05-22","KS","A+",185,,7,,787,787,,27,269,,67476,4812,,,,120,,8958,,419,0,,,,,,485,,0,76434,5231,,,,,76280,5232,,0
"2020-05-21","KS","A+",178,,0,,760,760,,0,258,,62664,0,,,,116,,8539,,0,0,,,,,,473,,0,71203,0,,,,,71048,0,,0
"2020-05-20","KS","A+",178,,5,,760,760,,20,258,,62664,4014,,,,116,,8539,,199,0,,,,,,473,,0,71203,4213,,,,,71048,4166,,0
"2020-05-19","KS","A",173,,0,,740,740,,0,250,,58650,0,,,,115,,8340,,0,0,,,,,,465,,0,66990,0,,,,,66882,0,,0
"2020-05-18","KS","A",173,,1,,740,740,,16,250,,58650,4944,,,,115,,8340,,454,0,,,,,,465,,0,66990,5398,,,,,66882,5394,,0
"2020-05-17","KS","A",172,,0,,724,724,,0,246,,53706,0,,,,112,,7886,,0,0,,,,,,443,,0,61592,0,,,,,61488,0,,0
"2020-05-16","KS","A",172,,0,,724,724,,0,246,,53706,0,,,,112,,7886,,0,0,,,,,,443,,0,61592,0,,,,,61488,0,,0
"2020-05-15","KS","A",172,,8,,724,724,,20,246,,53706,3546,,,,112,,7886,,418,0,,,,,,443,,0,61592,3964,,,,,61488,3944,,0
"2020-05-14","KS","A",164,,0,,704,704,,0,238,,50160,0,,,,108,,7468,,0,0,,,,,,422,,0,57628,0,,,,,57544,3519,,0
"2020-05-13","KS","A",164,,6,,704,704,,44,238,,50160,3167,,,,108,,7468,,352,0,,,,,,422,,0,57628,3519,,,,,54025,54025,,0
"2020-05-12","KS","A",158,,0,,660,660,,0,233,,46993,0,,,,101,,7116,,0,0,,,,,,376,,0,54109,0,,,,,,0,,0
"2020-05-11","KS","A",158,,1,,660,660,,3,233,,46993,1436,,,,101,,7116,,168,0,,,,,,376,,0,54109,1604,,,,,,0,,0
"2020-05-10","KS","A",157,,0,,657,657,,22,231,,45557,2375,,,,101,,6948,,197,0,,,,,,371,,0,52505,2572,,,,,,0,,0
"2020-05-09","KS","A",157,,5,,635,635,,27,229,,43182,1975,,,,100,,6751,,250,0,,,,,,350,,0,49933,2225,,,,,,0,,0
"2020-05-08","KS","A",152,,5,,608,608,,21,223,,41207,2529,,,,99,,6501,,357,0,,,,,,332,,0,47708,2886,,,,,,0,,0
"2020-05-07","KS","A",147,,3,,587,587,,16,218,,38678,2298,,,,97,,6144,,410,0,,,,,,323,,0,44822,2708,,,,,,0,,0
"2020-05-06","KS","A",144,,7,,571,571,,5,213,,36380,1746,,,,96,,5734,,276,0,,,,,,318,,0,42114,2022,,,,,,0,,0
"2020-05-05","KS","A",137,,1,,566,566,,13,212,,34634,1276,,,,95,,5458,,213,0,,,,,,296,,0,40092,1489,,,,,,0,,0
"2020-05-04","KS","A",136,,2,,553,553,,6,209,,33358,1610,,,,95,,5245,,215,0,,,,,,291,,0,38603,1825,,,,,,0,,0
"2020-05-03","KS","A",134,,3,,547,547,,6,209,,31748,1552,,,,95,,5030,,284,0,,,,,,286,,0,36778,1836,,,,,,0,,0
"2020-05-02","KS","A",131,,1,,541,541,,7,206,,30196,1611,,,,95,,4746,,297,0,,,,,,286,,0,34942,1908,,,,,,0,,0
"2020-05-01","KS","A",130,,1,,534,534,,11,206,,28585,1197,,,,96,,4449,,211,0,,,,,,280,,0,33034,1408,,,,,,0,,0
"2020-04-30","KS","A",129,,4,,523,523,,8,201,,27388,1668,,,,93,,4238,,500,0,,,,,,272,,0,31626,2168,,,,,,0,,0
"2020-04-29","KS","A",125,,1,,515,515,,11,198,,25720,1121,,,,88,,3738,,247,0,,,,,,266,,0,29458,1368,,,,,,0,,0
"2020-04-28","KS","C",124,,4,,504,504,,8,,,24599,760,,,,,,3491,,163,0,,,,,,,,0,28090,923,,,,,,0,,0
"2020-04-27","KS","C",120,,2,,496,496,,11,,,23839,786,,,,,,3328,,154,0,,,,,,,,0,27167,940,,,,,,0,,0
"2020-04-26","KS","C",118,,1,,485,485,,11,,,23053,910,,,,,,3174,,118,0,,,,,,,,0,26227,1028,,,,,,0,,0
"2020-04-25","KS","C",117,,6,,474,474,,17,,,22143,1332,,,,,,3056,,279,0,,,,,,,,0,25199,1611,,,,,,0,,0
"2020-04-24","KS","B",111,,-1,,457,457,,15,,,20811,1975,,,,,,2777,,295,0,,,,,,,,0,23588,2270,,,,,,0,,0
"2020-04-23","KS","B",112,,2,,442,442,,10,,,18836,844,,,,,,2482,,271,0,,,,,,,,0,21318,1115,,,,,,0,,0
"2020-04-22","KS","B",110,,3,,432,432,,13,,,17992,916,,,,,,2211,,186,0,,,,,,,,0,20203,1102,,,,,,0,,0
"2020-04-21","KS","B",107,,7,,419,419,,14,,,17076,301,,,,,,2025,,39,0,,,,,,,,0,19101,340,,,,,,0,,0
"2020-04-20","KS","B",100,,8,,405,405,,15,,,16775,494,,,,,,1986,,137,0,,,,,,,,0,18761,631,,,,,,0,,0
"2020-04-19","KS","B",92,,6,,390,390,,7,,,16281,395,,,,,,1849,,59,0,,,,,,,,0,18130,454,,,,,,0,,0
"2020-04-18","KS","B",86,,2,,383,383,,8,,,15886,690,,,,,,1790,,85,0,,,,,,,,0,17676,775,,,,,,0,,0
"2020-04-17","KS","B",84,,4,,375,375,,16,,,15196,662,,,,,,1705,,117,0,,,,,,,,0,16901,779,,,,,,0,,0
"2020-04-16","KS","B",80,,4,,359,359,,17,,,14534,1360,,,,,,1588,,94,0,,,,,,,,0,16122,1454,,,,,,0,,0
"2020-04-15","KS","B",76,,7,,342,342,,15,,,13174,453,,,,,,1494,,68,0,,,,,,,,0,14668,521,,,,,,0,,0
"2020-04-14","KS","B",69,,7,,327,327,,18,,,12721,233,,,,,,1426,,50,0,,,,,,,,0,14147,283,,,,,,0,,0
"2020-04-13","KS","B",62,,6,,309,309,,11,,,12488,572,,,,,,1376,,39,0,,,,,,,,0,13864,611,,,,,,0,,0
"2020-04-12","KS","B",56,,1,,298,298,,5,,,11916,841,,,,,,1337,,69,0,,,,,,,,0,13253,910,,,,,,0,,0
"2020-04-11","KS","B",55,,5,,293,293,,19,,,11075,827,,,,,,1268,,102,0,,,,,,,,0,12343,929,,,,,,0,,0
"2020-04-10","KS","B",50,,8,,274,274,,11,,,10248,579,,,,,,1166,,60,0,,,,,,,,0,11414,639,,,,,,0,,0
"2020-04-09","KS","B",42,,4,,263,263,,40,,,9669,532,,,,,,1106,,60,0,,,,,,,,0,10775,592,,,,,,0,,0
"2020-04-08","KS","B",38,,11,,223,223,,0,,,9137,523,,,,,,1046,,146,0,,,,,,,,0,10183,669,,,,,,0,,0
"2020-04-07","KS","B",27,,2,,223,223,,25,,,8614,375,,,,,,900,,55,0,,,,,,,,0,9514,430,,,,,,0,,0
"2020-04-06","KS","B",25,,3,,198,198,,15,,,8239,763,,,,,,845,,98,0,,,,,,,,0,9084,861,,,,,,0,,0
"2020-04-05","KS","B",22,,1,,183,183,,11,,,7476,596,,,,,,747,,49,0,,,,,,,,0,8223,645,,,,,,0,,0
"2020-04-04","KS","B",21,,4,,172,172,,21,,,6880,426,,,,,,698,,78,0,,,,,,,,0,7578,504,,,,,,0,,0
"2020-04-03","KS","B",17,,4,,151,151,,13,,,6454,395,,,,,,620,,68,0,,,,,,,,0,7074,463,,,,,,0,,0
"2020-04-02","KS","B",13,,3,,138,138,,24,,,6059,648,,,,,,552,,70,0,,,,,,,,0,6611,718,,,,,,0,,0
"2020-04-01","KS","B",10,,1,,114,114,,35,,,5411,415,,,,,,482,,54,0,,,,,,,,0,5893,469,,,,,,0,,0
"2020-03-31","KS","B",9,,1,,79,79,,13,,,4996,442,,,,,,428,,60,0,,,,,,,,0,5424,502,,,,,,0,,0
"2020-03-30","KS","B",8,,2,,66,66,,11,,,4554,360,,,,,,368,,49,0,,,,,,,,0,4922,409,,,,,,0,,0
"2020-03-29","KS","B",6,,1,,55,55,,28,,,4194,523,,,,,,319,,58,0,,,,,,,,0,4513,581,,,,,,0,,0
"2020-03-28","KS","B",5,,1,,27,27,,0,,,3671,442,,,,,,261,,59,0,,,,,,,,0,3932,501,,,,,,0,,0
"2020-03-27","KS","B",4,,1,,27,27,,27,,,3229,360,,,,,,202,,34,0,,,,,,,,0,3431,394,,,,,,0,,0
"2020-03-26","KS","B",3,,0,,,,,0,,,2869,509,,,,,,168,,42,0,,,,,,,,0,3037,551,,,,,,0,,0
"2020-03-25","KS","B",3,,1,,,,,0,,,2360,274,,,,,,126,,28,0,,,,,,,,0,2486,302,,,,,,0,,0
"2020-03-24","KS","B",2,,0,,,,,0,,,2086,1669,,,,,,98,,16,0,,,,,,,,0,2184,1685,,,,,,0,,0
"2020-03-23","KS","B",2,,0,,,,,0,,,417,0,,,,,,82,,18,0,,,,,,,,0,499,18,,,,,,0,,0
"2020-03-22","KS",,2,,0,,,,,0,,,417,0,,,,,,64,,9,0,,,,,,,,0,481,9,,,,,,0,,0
"2020-03-21","KS",,2,,1,,,,,0,,,417,0,,,,,,55,,11,0,,,,,,,,0,472,11,,,,,,0,,0
"2020-03-20","KS",,1,,0,,,,,0,,,417,0,,,,,,44,,10,0,,,,,,,,0,461,10,,,,,,0,,0
"2020-03-19","KS",,1,,0,,,,,0,,,417,0,,,,,,34,,18,0,,,,,,,,0,451,18,,,,,,0,,0
"2020-03-18","KS",,1,,0,,,,,0,,,417,35,,,,,,16,,1,0,,,,,,,,0,433,36,,,,,,0,,0
"2020-03-17","KS",,1,,0,,,,,0,,,382,216,,,,,,15,,4,0,,,,,,,,0,397,220,,,,,,0,,0
"2020-03-16","KS",,1,,0,,,,,0,,,166,31,,,,,,11,,3,0,,,,,,,,0,177,34,,,,,,0,,0
"2020-03-15","KS",,1,,0,,,,,0,,,135,42,,,,,,8,,2,0,,,,,,,,0,143,44,,,,,,0,,0
"2020-03-14","KS",,1,,1,,,,,0,,,93,0,,,,,,6,,0,0,,,,,,,,0,99,0,,,,,,0,,0
"2020-03-13","KS",,,,0,,,,,0,,,93,52,,,,,,6,,2,0,,,,,,,,0,99,54,,,,,,0,,0
"2020-03-12","KS",,,,0,,,,,0,,,41,0,,,,,,4,,3,0,,,,,,,,0,45,3,,,,,,0,,0
"2020-03-11","KS",,,,0,,,,,0,,,41,24,,,,,,1,,0,0,,,,,,,,0,42,24,,,,,,0,,0
"2020-03-10","KS",,,,0,,,,,0,,,17,6,,,,,,1,,0,0,,,,,,,,0,18,6,,,,,,0,,0
"2020-03-09","KS",,,,0,,,,,0,,,11,0,,,,,,1,,0,0,,,,,,,,0,12,0,,,,,,0,,0
"2020-03-08","KS",,,,0,,,,,0,,,11,0,,,,,,1,,1,0,,,,,,,,0,12,1,,,,,,0,,0
"2020-03-07","KS",,,,0,,,,,0,,,11,7,,,,,,0,,0,0,,,,,,,,0,11,7,,,,,,0,,0
"2020-03-06","KS",,,,0,,,,,0,,,4,0,,,,,,0,,0,0,,,,,,,,0,4,0,,,,,,0,,0